{"cameraMode":{"drawMode":0,"name":"Shaded","section":"Shading Mode"},"sceneLighting":true,"audioPlay":false,"sceneViewState":{"showFog":true,"showMaterialUpdate":false,"showSkybox":true,"showFlares":true,"showImageEffects":true,"showParticleSystems":true},"in2DMode":false,"pivot":{"x":-10.2325439453125,"y":-22.345703125,"z":-32.08203125},"rotation":{"x":0.0083781648427248,"y":0.9513670206069946,"z":-0.3068482577800751,"w":0.025974972173571588},"size":23.523908615112306,"orthographic":true}