{"cameraMode":{"drawMode":0,"name":"Shaded","section":"Shading Mode"},"sceneLighting":true,"audioPlay":false,"sceneViewState":{"showFog":true,"showMaterialUpdate":false,"showSkybox":true,"showFlares":true,"showImageEffects":true,"showParticleSystems":true},"in2DMode":false,"pivot":{"x":30.000516891479493,"y":-18.492897033691408,"z":-27.70319175720215},"rotation":{"x":0.13283979892730714,"y":0.06239814683794975,"z":-0.008379992097616196,"w":0.9891359210014343},"size":73.96527862548828,"orthographic":true}