{"cameraMode":{"drawMode":0,"name":"Shaded","section":"Shading Mode"},"sceneLighting":true,"audioPlay":false,"sceneViewState":{"showFog":true,"showMaterialUpdate":false,"showSkybox":true,"showFlares":true,"showImageEffects":true,"showParticleSystems":true},"in2DMode":false,"pivot":{"x":-16.79642677307129,"y":-19.603713989257814,"z":8.299783706665039},"rotation":{"x":-0.5382450819015503,"y":-0.14009425044059754,"z":0.09128565341234207,"w":-0.8260343670845032},"size":36.89512252807617,"orthographic":false}