{"cameraMode":{"drawMode":0,"name":"Shaded","section":"Shading Mode"},"sceneLighting":true,"audioPlay":false,"sceneViewState":{"showFog":true,"showMaterialUpdate":false,"showSkybox":true,"showFlares":true,"showImageEffects":true,"showParticleSystems":true},"in2DMode":false,"pivot":{"x":-27.471107482910158,"y":-17.18166732788086,"z":-1.1116349697113038},"rotation":{"x":-0.4577815532684326,"y":0.002667164895683527,"z":-0.0013733505038544536,"w":-0.8890596628189087},"size":36.89512252807617,"orthographic":false}